id,timepoint,UG_Offer_Accept
1,0,0
2,0,0
3,0,0
4,0,1
5,0,0
6,0,0
7,0,1
8,0,0
9,0,1
10,0,1
11,0,NA
12,0,1
13,0,0
14,0,1
15,0,0
16,0,0
17,0,0
18,0,0
19,0,0
20,0,1
21,0,0
22,0,1
23,0,NA
24,0,0
25,0,0
26,0,1
27,0,0
28,0,0
29,0,0
30,0,0
31,0,1
32,0,0
33,0,1
34,0,0
35,0,1
36,0,1
37,0,1
38,0,1
39,0,0
40,0,1
41,0,1
42,0,1
43,0,0
44,0,0
45,0,1
46,0,0
47,0,0
48,0,1
49,0,1
50,0,0
51,0,0
52,0,0
53,0,0
54,0,1
55,0,0
56,0,0
57,0,0
58,0,1
59,0,0
60,0,1
61,0,0
62,0,1
65,0,0
66,0,1
67,0,0
68,0,1
69,0,0
70,0,NA
71,0,0
72,0,0
73,0,0
74,0,0
75,0,NA
76,0,1
77,0,1
78,0,0
79,0,0
80,0,0
81,0,1
82,0,0
83,0,1
84,0,0
85,0,0
86,0,0
87,0,0
88,0,0
89,0,1
90,0,1
91,0,0
92,0,0
93,0,1
94,0,1
95,0,0
96,0,0
97,0,0
98,0,1
99,0,0
100,0,0
101,0,1
102,0,1
103,0,1
104,0,1
105,0,0
106,0,0
107,0,0
108,0,0
109,0,1
110,0,1
111,0,0
112,0,0
113,0,0
114,0,0
115,0,1
116,0,1
117,0,1
118,0,0
119,0,1
120,0,1
121,0,0
122,0,0
123,0,0
124,0,0
125,0,0
126,0,0
127,0,0
128,0,1
129,0,0
130,0,0
131,0,0
132,0,1
134,0,0
135,0,1
136,0,0
137,0,1
138,0,0
139,0,1
140,0,1
141,0,0
142,0,0
143,0,0
144,0,0
145,0,1
146,0,1
147,0,0
148,0,0
149,0,0
150,0,1
151,0,0
152,0,0
153,0,0
154,0,0
155,0,0
156,0,0
157,0,1
158,0,0
159,0,0
160,0,0
161,0,1
162,0,1
163,0,0
164,0,0
165,0,0
165,0,0
166,0,1
167,0,1
168,0,0
169,0,0
170,0,0
171,0,0
172,0,0
173,0,0
174,0,0
175,0,NA
176,0,0
177,0,0
178,0,0
179,0,0
180,0,1
181,0,0
182,0,1
183,0,1
184,0,1
185,0,1
186,0,0
187,0,1
188,0,0
189,0,1
190,0,1
191,0,0
192,0,1
193,0,0
194,0,1
195,0,0
196,0,0
197,0,0
198,0,0
199,0,1
200,0,NA
201,0,0
202,0,1
203,0,0
204,0,1
205,0,NA
206,0,NA
207,0,NA
208,0,1
209,0,1
210,0,1
211,0,1
212,0,1
213,0,0
214,0,0
215,0,1
216,0,1
217,0,1
218,0,NA
219,0,NA
220,0,NA
221,0,0
222,0,1
223,0,1
224,0,NA
225,0,NA
226,0,1
227,0,NA
228,0,1
229,0,NA
230,0,NA
231,0,NA
232,0,1
233,0,1
234,0,NA
235,0,NA
237,0,0
238,0,1
246,0,0
247,0,1
250,0,0
251,0,1
252,0,1
255,0,1
256,0,1
258,0,0
259,0,0
260,0,0
261,0,0
262,0,0
263,0,1
265,0,1
1,1,0
2,1,0
3,1,0
4,1,1
5,1,1
6,1,0
7,1,1
8,1,1
9,1,1
10,1,NA
11,1,NA
12,1,1
13,1,1
14,1,1
15,1,0
16,1,1
17,1,0
18,1,0
19,1,0
20,1,1
21,1,0
22,1,1
23,1,NA
24,1,NA
25,1,1
26,1,NA
27,1,1
28,1,NA
29,1,0
30,1,0
31,1,1
32,1,1
33,1,1
34,1,0
35,1,0
36,1,1
37,1,NA
38,1,1
39,1,0
40,1,1
41,1,1
42,1,NA
43,1,NA
44,1,NA
45,1,1
46,1,0
47,1,0
48,1,1
49,1,NA
50,1,0
51,1,NA
52,1,1
53,1,1
54,1,0
55,1,0
56,1,0
57,1,0
58,1,0
59,1,0
60,1,NA
61,1,1
62,1,NA
65,1,0
66,1,1
67,1,0
68,1,0
69,1,NA
70,1,NA
71,1,0
72,1,1
73,1,0
74,1,0
75,1,NA
76,1,NA
77,1,NA
78,1,0
79,1,0
80,1,1
81,1,0
82,1,0
83,1,0
84,1,NA
85,1,1
86,1,0
87,1,NA
88,1,0
89,1,NA
90,1,1
91,1,0
92,1,0
93,1,1
94,1,1
95,1,0
96,1,0
97,1,0
98,1,1
99,1,1
100,1,0
101,1,0
102,1,1
103,1,1
104,1,0
105,1,1
106,1,1
107,1,0
108,1,0
109,1,1
110,1,0
111,1,NA
112,1,1
113,1,0
114,1,0
115,1,NA
116,1,NA
117,1,NA
118,1,0
119,1,1
120,1,1
121,1,0
122,1,0
123,1,0
124,1,0
125,1,0
126,1,0
127,1,1
128,1,1
129,1,1
130,1,0
131,1,1
132,1,1
134,1,1
135,1,1
136,1,NA
137,1,1
138,1,0
139,1,NA
140,1,NA
141,1,0
142,1,0
143,1,NA
144,1,NA
145,1,NA
146,1,NA
147,1,1
148,1,1
149,1,1
150,1,1
151,1,NA
152,1,0
153,1,NA
154,1,0
155,1,NA
156,1,0
157,1,1
158,1,NA
159,1,NA
160,1,1
161,1,1
162,1,NA
163,1,NA
164,1,1
165,1,1
165,1,1
166,1,1
167,1,NA
168,1,NA
169,1,NA
170,1,0
171,1,0
172,1,0
173,1,NA
174,1,1
175,1,NA
176,1,0
177,1,1
178,1,0
179,1,1
180,1,0
181,1,NA
182,1,1
183,1,0
184,1,1
185,1,1
186,1,0
187,1,1
188,1,0
189,1,0
190,1,1
191,1,0
192,1,NA
193,1,NA
194,1,NA
195,1,NA
196,1,0
197,1,1
198,1,0
199,1,0
200,1,NA
201,1,0
202,1,NA
203,1,1
204,1,1
205,1,1
206,1,NA
207,1,NA
208,1,1
209,1,1
210,1,1
211,1,NA
212,1,NA
213,1,1
214,1,0
215,1,NA
216,1,NA
217,1,0
218,1,NA
219,1,NA
220,1,NA
221,1,1
222,1,NA
223,1,1
224,1,NA
225,1,NA
226,1,1
227,1,NA
228,1,1
229,1,NA
230,1,NA
231,1,NA
232,1,1
233,1,0
234,1,NA
235,1,NA
237,1,0
238,1,0
246,1,NA
247,1,0
250,1,1
251,1,1
252,1,0
255,1,NA
256,1,NA
258,1,NA
259,1,NA
260,1,1
260,1,1
261,1,0
262,1,1
263,1,NA
265,1,NA